<configuration>
	
	<appender name="FILE" class="ch.qos.logback.core.rolling.RollingFileAppender">
	    <file>${catalina.base}/logs/diko.log</file>
	    <append>true</append>
	    <rollingPolicy class="ch.qos.logback.core.rolling.TimeBasedRollingPolicy">
	      <fileNamePattern>${catalina.base}/logs/auswertungen.%d{yyyy-MM-dd}.log.gz</fileNamePattern>
	      <maxHistory>30</maxHistory>
	    </rollingPolicy>
		<encoder>
			<pattern>%date{ISO8601} %level [%thread] %logger{35} [%file:%line] %msg%n</pattern>
		</encoder>
	</appender>
	
	<appender name="USERTRACKING" class="ch.qos.logback.core.rolling.RollingFileAppender">
	    <file>${catalina.base}/logs/auswertungen.usertracking.log</file>
	    <append>true</append>
	    <rollingPolicy class="ch.qos.logback.core.rolling.TimeBasedRollingPolicy">
	      <fileNamePattern>${catalina.base}/logs/auswertungen.usertracking.%d{yyyy-MM-dd}.log.gz</fileNamePattern>
	    </rollingPolicy>
		<encoder>
			<pattern>&quot;%d{dd.MM.yyyy HH:mm:ss}&quot;%msg%n</pattern>
		</encoder>
	</appender>

	<appender name="EMAIL" class="ch.qos.logback.classic.net.SMTPAppender">
		<SMTPHost>mailrelay.telis.it.tfsh</SMTPHost>
		<To>log.tos@gwvs.de</To>
		<From>${jvmRoute}-auswertungen@gwvs.de</From>
		<Subject>%logger{35}</Subject>
		<layout class="ch.qos.logback.classic.html.HTMLLayout"/>
	    <filter class="ch.qos.logback.core.filter.EvaluatorFilter">      
	      <evaluator>
	        <expression>message.contains("Unable to deliver lock event")</expression>
	      </evaluator>
	      <OnMismatch>NEUTRAL</OnMismatch>
	      <OnMatch>DENY</OnMatch>
	    </filter>
	</appender>
	
	<logger name="org.springframework" level="DEBUG"/>
	
	<logger name="org.jasypt.spring.properties" level="WARN"/>
	
	<logger name="net.jawr" level="WARN"/>
	
	<logger name="org.apache.tiles" level="WARN"/>
	
	<logger name="ch.qos.logback" level="WARN"/>
				
	<logger name="UserTracking" level="TRACE">
		<appender-ref ref="USERTRACKING" />
	</logger>
	
	<root level="DEBUG">
		<appender-ref ref="EMAIL" />
		<appender-ref ref="FILE" />
	</root>
</configuration>