<configuration>
	
	<appender name="FILE" class="ch.qos.logback.core.rolling.RollingFileAppender">
	    <file>${catalina.base}/logs/auswertungen.log</file>
	    <append>true</append>
	    <rollingPolicy class="ch.qos.logback.core.rolling.TimeBasedRollingPolicy">
	      <fileNamePattern>${catalina.base}/logs/auswertungen.%d{yyyy-MM-dd}.log.gz</fileNamePattern>
	      <maxHistory>30</maxHistory>
	    </rollingPolicy>
		<encoder>
			<pattern>%date{ISO8601} %level [%thread] %logger{35} [%file:%line] %msg%n</pattern>
		</encoder>
	</appender>
	
	<logger name="org.springframework" level="WARN"/>
	
	<logger name="net.jawr" level="WARN"/>
	
	<logger name="org.apache.tiles" level="WARN"/>

	<logger name="ch.qos.logback" level="WARN"/>
	
	<root level="INFO">
		<appender-ref ref="FILE" />
	</root>
</configuration>